Time,EVID,CSOID,ChID,Power_flow,SoC,Money,Temp,SoH
6,1,1,1,5.600000000000001,0.4,0.9560880000000002,15.5,99.49058878329365
7,1,1,1,7.2,0.54,1.229256,15.5,99.49058878329365
10,1,1,1,7.2,0.72,1.229256,17.0,99.49058878329365
14,1,1,1,-7.2,0.9,-1.8473040000000003,22.0,99.49058878329365
15,1,1,1,-7.2,0.72,-1.8473040000000003,21.0,99.49058878329365
16,1,1,1,-7.2,0.54,-1.8473040000000003,21.0,99.49058878329365
17,1,1,1,-7.2,0.36000000000000004,-1.8473040000000003,19.5,99.49058878329365
19,1,1,1,2.3999999999999995,0.18000000000000005,0.4097519999999999,18.0,99.49058878329365
22,1,1,1,7.2,0.24000000000000005,1.229256,15.5,99.49058878329365
23,1,1,1,7.2,0.42000000000000004,1.229256,15.5,99.49058878329365
3,2,1,2,5.600000000000001,0.4,0.9560880000000002,16.0,99.25841312738794
6,2,1,2,7.2,0.54,1.229256,15.5,99.25841312738794
9,2,1,2,7.2,0.72,1.229256,15.5,99.25841312738794
14,2,1,2,-7.2,0.9,-1.8473040000000003,22.0,99.25841312738794
15,2,1,2,-7.2,0.72,-1.8473040000000003,21.0,99.25841312738794
16,2,1,2,-7.2,0.54,-1.8473040000000003,21.0,99.25841312738794
17,2,1,2,-7.2,0.36000000000000004,-1.8473040000000003,19.5,99.25841312738794
19,2,1,2,2.3999999999999995,0.18000000000000005,0.4097519999999999,18.0,99.25841312738794
21,2,1,2,7.2,0.24000000000000005,1.229256,16.5,99.25841312738794
23,2,1,2,7.2,0.42000000000000004,1.229256,15.5,99.25841312738794
3,3,1,3,7.2,0.4,1.229256,16.0,99.08282623949891
6,3,1,3,7.2,0.58,1.229256,15.5,99.08282623949891
10,3,1,3,2.3999999999999986,0.76,0.4097519999999997,17.0,99.08282623949891
14,3,1,3,-7.2,0.82,-1.8473040000000003,22.0,99.08282623949891
15,3,1,3,-7.2,0.6399999999999999,-1.8473040000000003,21.0,99.08282623949891
16,3,1,3,-7.2,0.45999999999999996,-1.8473040000000003,21.0,99.08282623949891
17,3,1,3,-7.2,0.27999999999999997,-1.8473040000000003,19.5,99.08282623949891
19,3,1,3,7.2,0.1,1.229256,18.0,99.08282623949891
21,3,1,3,5.600000000000001,0.27999999999999997,0.9560880000000002,16.5,99.08282623949891
23,3,1,3,7.2,0.42000000000000004,1.229256,15.5,99.08282623949891
7,4,1,4,7.2,0.4,1.229256,15.5,98.93721200535026
14,4,1,4,-7.2,0.58,-1.8473040000000003,22.0,98.93721200535026
15,4,1,4,-7.2,0.4,-1.8473040000000003,21.0,98.93721200535026
16,4,1,4,-2.4000000000000243,0.22000000000000003,-0.6157680000000063,21.0,98.93721200535026
17,4,1,4,-2.3999999999999764,0.15999999999999942,-0.615767999999994,19.5,98.93721200535026
19,4,1,4,7.2,0.1,1.229256,18.0,98.93721200535026
22,4,1,4,7.2,0.27999999999999997,1.229256,15.5,98.93721200535026
23,4,1,4,5.600000000000001,0.45999999999999996,0.9560880000000002,15.5,98.93721200535026
6,5,1,5,7.2,0.4,1.229256,15.5,98.8088365453097
9,5,1,5,0.7999999999999758,0.58,0.13658399999999588,15.5,98.8088365453097
15,5,1,5,-7.1999999999999735,0.5999999999999994,-1.8473039999999934,21.0,98.8088365453097
17,5,1,5,-7.2,0.42000000000000004,-1.8473040000000003,19.5,98.8088365453097
19,5,1,5,7.2,0.24000000000000005,1.229256,18.0,98.8088365453097
23,5,1,5,7.2,0.42000000000000004,1.229256,15.5,98.8088365453097
6,6,1,6,7.2,0.4,1.229256,15.5,98.69272674741082
8,6,1,6,7.2,0.58,1.229256,15.5,98.69272674741082
9,6,1,6,0.8000000000000007,0.76,0.13658400000000012,15.5,98.69272674741082
14,6,1,6,-7.2,0.78,-1.8473040000000003,22.0,98.69272674741082
3,7,1,7,5.600000000000001,0.4,0.9560880000000002,16.0,98.58592137630538
6,7,1,7,7.2,0.54,1.229256,15.5,98.58592137630538
7,7,1,7,7.2,0.72,1.229256,15.5,98.58592137630538
14,7,1,7,-7.2,0.9,-1.8473040000000003,22.0,98.58592137630538
15,7,1,7,-7.2,0.72,-1.8473040000000003,21.0,98.58592137630538
16,7,1,7,-4.800000000000001,0.54,-1.2315360000000002,21.0,98.58592137630538
17,7,1,7,-7.2,0.42000000000000004,-1.8473040000000003,19.5,98.58592137630538
21,7,1,7,7.2,0.24000000000000005,1.229256,16.5,98.58592137630538
23,7,1,7,7.2,0.42000000000000004,1.229256,15.5,98.58592137630538
3,8,1,8,5.600000000000001,0.4,0.9560880000000002,16.0,98.48648798343284
6,8,1,8,7.2,0.54,1.229256,15.5,98.48648798343284
9,8,1,8,7.2,0.72,1.229256,15.5,98.48648798343284
14,8,1,8,-7.2,0.9,-1.8473040000000003,22.0,98.48648798343284
17,8,1,8,-7.2,0.72,-1.8473040000000003,19.5,98.48648798343284
23,8,1,8,2.3999999999999986,0.54,0.4097519999999997,15.5,98.48648798343284
7,9,1,9,7.2,0.4,1.229256,15.5,98.39308276763289
8,9,1,9,0.8000000000000256,0.58,0.13658400000000437,15.5,98.39308276763289
15,9,1,9,-7.2,0.6000000000000006,-1.8473040000000003,21.0,98.39308276763289
16,9,1,9,-7.2,0.42000000000000065,-1.8473040000000003,21.0,98.39308276763289
21,9,1,9,7.2,0.24000000000000066,1.229256,16.5,98.39308276763289
23,9,1,9,7.199999999999974,0.42000000000000065,1.2292559999999957,15.5,98.39308276763289
7,10,1,10,7.2,0.4,1.229256,15.5,98.29993285689733
9,10,1,10,7.2,0.58,1.229256,15.5,98.29993285689733
15,10,1,10,-6.399999999999999,0.76,-1.6420479999999997,21.0,98.29993285689733
16,10,1,10,-7.2,0.6,-1.8473040000000003,21.0,98.29993285689733
17,10,1,10,-7.2,0.42000000000000004,-1.8473040000000003,19.5,98.29993285689733
19,10,1,10,7.2,0.24000000000000005,1.229256,18.0,98.29993285689733
21,10,1,10,7.2,0.42000000000000004,1.229256,16.5,98.29993285689733
6,11,1,11,7.2,0.4,1.229256,15.5,98.1999112153399
7,11,1,11,7.2,0.58,1.229256,15.5,98.1999112153399
14,11,1,11,-7.2,0.76,-1.8473040000000003,22.0,98.1999112153399
15,11,1,11,-4.800000000000001,0.58,-1.2315360000000002,21.0,98.1999112153399
16,11,1,11,-7.2,0.45999999999999996,-1.8473040000000003,21.0,98.1999112153399
17,11,1,11,-7.2,0.27999999999999997,-1.8473040000000003,19.5,98.1999112153399
19,11,1,11,7.2,0.1,1.229256,18.0,98.1999112153399
21,11,1,11,7.2,0.27999999999999997,1.229256,16.5,98.1999112153399
23,11,1,11,5.600000000000001,0.45999999999999996,0.9560880000000002,15.5,98.1999112153399
6,12,1,12,7.2,0.4,1.229256,15.5,98.09932729183336
7,12,1,12,7.2,0.58,1.229256,15.5,98.09932729183336
9,12,1,12,5.600000000000001,0.76,0.9560880000000002,15.5,98.09932729183336
15,12,1,12,-4.800000000000001,0.9,-1.2315360000000002,21.0,98.09932729183336
16,12,1,12,-7.2,0.78,-1.8473040000000003,21.0,98.09932729183336
17,12,1,12,-7.2,0.6,-1.8473040000000003,19.5,98.09932729183336
21,12,1,12,7.2,0.42000000000000004,1.229256,16.5,98.09932729183336
7,13,1,13,7.2,0.4,1.229256,15.5,98.00284708449328
8,13,1,13,7.2,0.58,1.229256,15.5,98.00284708449328
10,13,1,13,5.600000000000001,0.76,0.9560880000000002,17.0,98.00284708449328
14,13,1,13,-7.2,0.9,-1.8473040000000003,22.0,98.00284708449328
15,13,1,13,-4.800000000000001,0.72,-1.2315360000000002,21.0,98.00284708449328
16,13,1,13,-7.2,0.6,-1.8473040000000003,21.0,98.00284708449328
23,13,1,13,7.2,0.42000000000000004,1.229256,15.5,98.00284708449328
6,14,1,14,7.2,0.4,1.229256,15.5,97.91000587457474
7,14,1,14,7.2,0.58,1.229256,15.5,97.91000587457474
14,14,1,14,-6.399999999999999,0.76,-1.6420479999999997,22.0,97.91000587457474
16,14,1,14,-7.2,0.6,-1.8473040000000003,21.0,97.91000587457474
17,14,1,14,-7.2,0.42000000000000004,-1.8473040000000003,19.5,97.91000587457474
21,14,1,14,7.2,0.24000000000000005,1.229256,16.5,97.91000587457474
23,14,1,14,7.2,0.42000000000000004,1.229256,15.5,97.91000587457474
6,15,1,15,7.2,0.4,1.229256,15.5,97.82341326960164
7,15,1,15,7.2,0.58,1.229256,15.5,97.82341326960164
14,15,1,15,-7.2,0.76,-1.8473040000000003,22.0,97.82341326960164
15,15,1,15,-7.2,0.58,-1.8473040000000003,21.0,97.82341326960164
16,15,1,15,-6.399999999999999,0.4,-1.6420479999999997,21.0,97.82341326960164
21,15,1,15,7.2,0.24000000000000005,1.229256,16.5,97.82341326960164
23,15,1,15,7.2,0.42000000000000004,1.229256,15.5,97.82341326960164
9,16,1,16,7.2,0.4,1.229256,15.5,97.7396582127297
10,16,1,16,0.7999999999999581,0.58,0.13658399999999285,17.0,97.7396582127297
16,16,1,16,-7.199999999999956,0.599999999999999,-1.8473039999999887,21.0,97.7396582127297
17,16,1,16,-7.2,0.42000000000000004,-1.8473040000000003,19.5,97.7396582127297
22,16,1,16,7.2,0.24000000000000005,1.229256,15.5,97.7396582127297
23,16,1,16,7.2,0.42000000000000004,1.229256,15.5,97.7396582127297
6,17,1,17,7.2,0.4,1.229256,15.5,97.66254608770176
8,17,1,17,0.8000000000000007,0.58,0.13658400000000012,15.5,97.66254608770176
15,17,1,17,-7.2,0.6,-1.8473040000000003,21.0,97.66254608770176
16,17,1,17,-7.2,0.42000000000000004,-1.8473040000000003,21.0,97.66254608770176
21,17,1,17,7.2,0.24000000000000005,1.229256,16.5,97.66254608770176
23,17,1,17,7.2,0.42000000000000004,1.229256,15.5,97.66254608770176
3,18,1,18,5.600000000000001,0.4,0.9560880000000002,16.0,97.58766782506437
6,18,1,18,7.2,0.54,1.229256,15.5,97.58766782506437
7,18,1,18,7.2,0.72,1.229256,15.5,97.58766782506437
14,18,1,18,-7.2,0.9,-1.8473040000000003,22.0,97.58766782506437
15,18,1,18,-7.2,0.72,-1.8473040000000003,21.0,97.58766782506437
17,18,1,18,-4.800000000000001,0.54,-1.2315360000000002,19.5,97.58766782506437
19,18,1,18,7.2,0.42000000000000004,1.229256,18.0,97.58766782506437
8,19,1,19,7.2,0.4,1.229256,15.5,97.51852536976372
9,19,1,19,7.2,0.58,1.229256,15.5,97.51852536976372
14,19,1,19,-7.2,0.76,-1.8473040000000003,22.0,97.51852536976372
15,19,1,19,-7.2,0.58,-1.8473040000000003,21.0,97.51852536976372
17,19,1,19,-6.399999999999999,0.4,-1.6420479999999997,19.5,97.51852536976372
21,19,1,19,7.2,0.24000000000000005,1.229256,16.5,97.51852536976372
23,19,1,19,7.2,0.42000000000000004,1.229256,15.5,97.51852536976372
3,20,1,20,7.2,0.4,1.229256,16.0,97.45462037785828
6,20,1,20,7.2,0.58,1.229256,15.5,97.45462037785828
14,20,1,20,-7.199999999999977,0.76,-1.8473039999999943,22.0,97.45462037785828
16,20,1,20,-7.2,0.5800000000000005,-1.8473040000000003,21.0,97.45462037785828
17,20,1,20,-7.2,0.4000000000000005,-1.8473040000000003,19.5,97.45462037785828
19,20,1,20,0.7999999999999794,0.22000000000000056,0.13658399999999649,18.0,97.45462037785828
21,20,1,20,7.2,0.24000000000000005,1.229256,16.5,97.45462037785828
22,20,1,20,7.2,0.42000000000000004,1.229256,15.5,97.45462037785828
30,1,1,1,5.600000000000001,0.4,0.9560880000000002,15.5,97.39229239353588
31,1,1,1,7.2,0.54,1.229256,15.5,97.39229239353588
34,1,1,1,7.2,0.72,1.229256,17.0,97.39229239353588
38,1,1,1,-7.2,0.9,-1.8473040000000003,22.0,97.39229239353588
39,1,1,1,-7.2,0.72,-1.8473040000000003,21.0,97.39229239353588
40,1,1,1,-7.2,0.54,-1.8473040000000003,21.0,97.39229239353588
41,1,1,1,-7.2,0.36000000000000004,-1.8473040000000003,19.5,97.39229239353588
43,1,1,1,2.3999999999999995,0.18000000000000005,0.4097519999999999,18.0,97.39229239353588
46,1,1,1,7.2,0.24000000000000005,1.229256,15.5,97.39229239353588
47,1,1,1,7.2,0.42000000000000004,1.229256,15.5,97.39229239353588
27,2,1,2,5.600000000000001,0.4,0.9560880000000002,16.0,97.33354007122736
30,2,1,2,7.2,0.54,1.229256,15.5,97.33354007122736
33,2,1,2,7.2,0.72,1.229256,15.5,97.33354007122736
38,2,1,2,-7.2,0.9,-1.8473040000000003,22.0,97.33354007122736
39,2,1,2,-7.2,0.72,-1.8473040000000003,21.0,97.33354007122736
40,2,1,2,-7.2,0.54,-1.8473040000000003,21.0,97.33354007122736
41,2,1,2,-7.2,0.36000000000000004,-1.8473040000000003,19.5,97.33354007122736
43,2,1,2,2.3999999999999995,0.18000000000000005,0.4097519999999999,18.0,97.33354007122736
45,2,1,2,7.2,0.24000000000000005,1.229256,16.5,97.33354007122736
47,2,1,2,7.2,0.42000000000000004,1.229256,15.5,97.33354007122736
27,3,1,3,7.2,0.4,1.229256,16.0,97.27610729495757
30,3,1,3,7.2,0.58,1.229256,15.5,97.27610729495757
34,3,1,3,2.3999999999999986,0.76,0.4097519999999997,17.0,97.27610729495757
38,3,1,3,-7.2,0.82,-1.8473040000000003,22.0,97.27610729495757
39,3,1,3,-7.2,0.6399999999999999,-1.8473040000000003,21.0,97.27610729495757
40,3,1,3,-7.2,0.45999999999999996,-1.8473040000000003,21.0,97.27610729495757
41,3,1,3,-7.2,0.27999999999999997,-1.8473040000000003,19.5,97.27610729495757
43,3,1,3,7.2,0.1,1.229256,18.0,97.27610729495757
45,3,1,3,5.600000000000001,0.27999999999999997,0.9560880000000002,16.5,97.27610729495757
47,3,1,3,7.2,0.42000000000000004,1.229256,15.5,97.27610729495757
31,4,1,4,7.2,0.4,1.229256,15.5,97.21990895818858
38,4,1,4,-7.2,0.58,-1.8473040000000003,22.0,97.21990895818858
39,4,1,4,-7.2,0.4,-1.8473040000000003,21.0,97.21990895818858
40,4,1,4,-2.4000000000000243,0.22000000000000003,-0.6157680000000063,21.0,97.21990895818858
41,4,1,4,-2.3999999999999764,0.15999999999999942,-0.615767999999994,19.5,97.21990895818858
43,4,1,4,7.2,0.1,1.229256,18.0,97.21990895818858
46,4,1,4,7.2,0.27999999999999997,1.229256,15.5,97.21990895818858
47,4,1,4,5.600000000000001,0.45999999999999996,0.9560880000000002,15.5,97.21990895818858
30,5,1,5,7.2,0.4,1.229256,15.5,97.16289209483952
33,5,1,5,0.7999999999999758,0.58,0.13658399999999588,15.5,97.16289209483952
39,5,1,5,-7.1999999999999735,0.5999999999999994,-1.8473039999999934,21.0,97.16289209483952
41,5,1,5,-7.2,0.42000000000000004,-1.8473040000000003,19.5,97.16289209483952
43,5,1,5,7.2,0.24000000000000005,1.229256,18.0,97.16289209483952
47,5,1,5,7.2,0.42000000000000004,1.229256,15.5,97.16289209483952
30,6,1,6,7.2,0.4,1.229256,15.5,97.10700368188589
32,6,1,6,7.2,0.58,1.229256,15.5,97.10700368188589
33,6,1,6,0.8000000000000007,0.76,0.13658400000000012,15.5,97.10700368188589
38,6,1,6,-7.2,0.78,-1.8473040000000003,22.0,97.10700368188589
27,7,1,7,5.600000000000001,0.4,0.9560880000000002,16.0,97.05313630882509
30,7,1,7,7.2,0.54,1.229256,15.5,97.05313630882509
31,7,1,7,7.2,0.72,1.229256,15.5,97.05313630882509
38,7,1,7,-7.2,0.9,-1.8473040000000003,22.0,97.05313630882509
39,7,1,7,-7.2,0.72,-1.8473040000000003,21.0,97.05313630882509
40,7,1,7,-4.800000000000001,0.54,-1.2315360000000002,21.0,97.05313630882509
41,7,1,7,-7.2,0.42000000000000004,-1.8473040000000003,19.5,97.05313630882509
45,7,1,7,7.2,0.24000000000000005,1.229256,16.5,97.05313630882509
47,7,1,7,7.2,0.42000000000000004,1.229256,15.5,97.05313630882509
27,8,1,8,5.600000000000001,0.4,0.9560880000000002,16.0,97.00118309462326
30,8,1,8,7.2,0.54,1.229256,15.5,97.00118309462326
33,8,1,8,7.2,0.72,1.229256,15.5,97.00118309462326
38,8,1,8,-7.2,0.9,-1.8473040000000003,22.0,97.00118309462326
41,8,1,8,-7.2,0.72,-1.8473040000000003,19.5,97.00118309462326
47,8,1,8,2.3999999999999986,0.54,0.4097519999999997,15.5,97.00118309462326
31,9,1,9,7.2,0.4,1.229256,15.5,96.95014894607735
32,9,1,9,0.8000000000000256,0.58,0.13658400000000437,15.5,96.95014894607735
39,9,1,9,-7.2,0.6000000000000006,-1.8473040000000003,21.0,96.95014894607735
40,9,1,9,-7.2,0.42000000000000065,-1.8473040000000003,21.0,96.95014894607735
45,9,1,9,7.2,0.24000000000000066,1.229256,16.5,96.95014894607735
47,9,1,9,7.199999999999974,0.42000000000000065,1.2292559999999957,15.5,96.95014894607735
31,10,1,10,7.2,0.4,1.229256,15.5,96.89998674753127
33,10,1,10,7.2,0.58,1.229256,15.5,96.89998674753127
39,10,1,10,-6.399999999999999,0.76,-1.6420479999999997,21.0,96.89998674753127
40,10,1,10,-7.2,0.6,-1.8473040000000003,21.0,96.89998674753127
41,10,1,10,-7.2,0.42000000000000004,-1.8473040000000003,19.5,96.89998674753127
43,10,1,10,7.2,0.24000000000000005,1.229256,18.0,96.89998674753127
45,10,1,10,7.2,0.42000000000000004,1.229256,16.5,96.89998674753127
30,11,1,11,7.2,0.4,1.229256,15.5,99.49058878329365
31,11,1,11,7.2,0.58,1.229256,15.5,99.49058878329365
38,11,1,11,-7.2,0.76,-1.8473040000000003,22.0,99.49058878329365
39,11,1,11,-4.800000000000001,0.58,-1.2315360000000002,21.0,99.49058878329365
40,11,1,11,-7.2,0.45999999999999996,-1.8473040000000003,21.0,99.49058878329365
41,11,1,11,-7.2,0.27999999999999997,-1.8473040000000003,19.5,99.49058878329365
43,11,1,11,7.2,0.1,1.229256,18.0,99.49058878329365
45,11,1,11,7.2,0.27999999999999997,1.229256,16.5,99.49058878329365
47,11,1,11,5.600000000000001,0.45999999999999996,0.9560880000000002,15.5,99.49058878329365
30,12,1,12,7.2,0.4,1.229256,15.5,99.25841312738794
31,12,1,12,7.2,0.58,1.229256,15.5,99.25841312738794
33,12,1,12,5.600000000000001,0.76,0.9560880000000002,15.5,99.25841312738794
39,12,1,12,-4.800000000000001,0.9,-1.2315360000000002,21.0,99.25841312738794
40,12,1,12,-7.2,0.78,-1.8473040000000003,21.0,99.25841312738794
41,12,1,12,-7.2,0.6,-1.8473040000000003,19.5,99.25841312738794
45,12,1,12,7.2,0.42000000000000004,1.229256,16.5,99.25841312738794
31,13,1,13,7.2,0.4,1.229256,15.5,99.08282623949891
32,13,1,13,7.2,0.58,1.229256,15.5,99.08282623949891
34,13,1,13,5.600000000000001,0.76,0.9560880000000002,17.0,99.08282623949891
38,13,1,13,-7.2,0.9,-1.8473040000000003,22.0,99.08282623949891
39,13,1,13,-4.800000000000001,0.72,-1.2315360000000002,21.0,99.08282623949891
40,13,1,13,-7.2,0.6,-1.8473040000000003,21.0,99.08282623949891
47,13,1,13,7.2,0.42000000000000004,1.229256,15.5,99.08282623949891
30,14,1,14,7.2,0.4,1.229256,15.5,98.93721200535026
31,14,1,14,7.2,0.58,1.229256,15.5,98.93721200535026
38,14,1,14,-6.399999999999999,0.76,-1.6420479999999997,22.0,98.93721200535026
40,14,1,14,-7.2,0.6,-1.8473040000000003,21.0,98.93721200535026
41,14,1,14,-7.2,0.42000000000000004,-1.8473040000000003,19.5,98.93721200535026
45,14,1,14,7.2,0.24000000000000005,1.229256,16.5,98.93721200535026
47,14,1,14,7.2,0.42000000000000004,1.229256,15.5,98.93721200535026
30,15,1,15,7.2,0.4,1.229256,15.5,98.8088365453097
31,15,1,15,7.2,0.58,1.229256,15.5,98.8088365453097
38,15,1,15,-7.2,0.76,-1.8473040000000003,22.0,98.8088365453097
39,15,1,15,-7.2,0.58,-1.8473040000000003,21.0,98.8088365453097
40,15,1,15,-6.399999999999999,0.4,-1.6420479999999997,21.0,98.8088365453097
45,15,1,15,7.2,0.24000000000000005,1.229256,16.5,98.8088365453097
47,15,1,15,7.2,0.42000000000000004,1.229256,15.5,98.8088365453097
33,16,1,16,7.2,0.4,1.229256,15.5,98.69272674741082
34,16,1,16,0.7999999999999581,0.58,0.13658399999999285,17.0,98.69272674741082
40,16,1,16,-7.199999999999956,0.599999999999999,-1.8473039999999887,21.0,98.69272674741082
41,16,1,16,-7.2,0.42000000000000004,-1.8473040000000003,19.5,98.69272674741082
46,16,1,16,7.2,0.24000000000000005,1.229256,15.5,98.69272674741082
47,16,1,16,7.2,0.42000000000000004,1.229256,15.5,98.69272674741082
30,17,1,17,7.2,0.4,1.229256,15.5,98.58592137630538
32,17,1,17,0.8000000000000007,0.58,0.13658400000000012,15.5,98.58592137630538
39,17,1,17,-7.2,0.6,-1.8473040000000003,21.0,98.58592137630538
40,17,1,17,-7.2,0.42000000000000004,-1.8473040000000003,21.0,98.58592137630538
45,17,1,17,7.2,0.24000000000000005,1.229256,16.5,98.58592137630538
47,17,1,17,7.2,0.42000000000000004,1.229256,15.5,98.58592137630538
27,18,1,18,5.600000000000001,0.4,0.9560880000000002,16.0,98.48648798343284
30,18,1,18,7.2,0.54,1.229256,15.5,98.48648798343284
31,18,1,18,7.2,0.72,1.229256,15.5,98.48648798343284
38,18,1,18,-7.2,0.9,-1.8473040000000003,22.0,98.48648798343284
39,18,1,18,-7.2,0.72,-1.8473040000000003,21.0,98.48648798343284
41,18,1,18,-4.800000000000001,0.54,-1.2315360000000002,19.5,98.48648798343284
43,18,1,18,7.2,0.42000000000000004,1.229256,18.0,98.48648798343284
32,19,1,19,7.2,0.4,1.229256,15.5,98.39308276763289
33,19,1,19,7.2,0.58,1.229256,15.5,98.39308276763289
38,19,1,19,-7.2,0.76,-1.8473040000000003,22.0,98.39308276763289
39,19,1,19,-7.2,0.58,-1.8473040000000003,21.0,98.39308276763289
41,19,1,19,-6.399999999999999,0.4,-1.6420479999999997,19.5,98.39308276763289
45,19,1,19,7.2,0.24000000000000005,1.229256,16.5,98.39308276763289
47,19,1,19,7.2,0.42000000000000004,1.229256,15.5,98.39308276763289
27,20,1,20,7.2,0.4,1.229256,16.0,98.29993285689733
30,20,1,20,7.2,0.58,1.229256,15.5,98.29993285689733
38,20,1,20,-7.199999999999977,0.76,-1.8473039999999943,22.0,98.29993285689733
40,20,1,20,-7.2,0.5800000000000005,-1.8473040000000003,21.0,98.29993285689733
41,20,1,20,-7.2,0.4000000000000005,-1.8473040000000003,19.5,98.29993285689733
43,20,1,20,0.7999999999999794,0.22000000000000056,0.13658399999999649,18.0,98.29993285689733
45,20,1,20,7.2,0.24000000000000005,1.229256,16.5,98.29993285689733
46,20,1,20,7.2,0.42000000000000004,1.229256,15.5,98.29993285689733
54,1,1,1,5.600000000000001,0.4,0.9560880000000002,15.5,98.1999112153399
55,1,1,1,7.2,0.54,1.229256,15.5,98.1999112153399
58,1,1,1,7.2,0.72,1.229256,17.0,98.1999112153399
62,1,1,1,-7.2,0.9,-1.8473040000000003,22.0,98.1999112153399
63,1,1,1,-7.2,0.72,-1.8473040000000003,21.0,98.1999112153399
64,1,1,1,-7.2,0.54,-1.8473040000000003,21.0,98.1999112153399
65,1,1,1,-7.2,0.36000000000000004,-1.8473040000000003,19.5,98.1999112153399
67,1,1,1,2.3999999999999995,0.18000000000000005,0.4097519999999999,18.0,98.1999112153399
70,1,1,1,7.2,0.24000000000000005,1.229256,15.5,98.1999112153399
71,1,1,1,7.2,0.42000000000000004,1.229256,15.5,98.1999112153399
51,2,1,2,5.600000000000001,0.4,0.9560880000000002,16.0,98.09932729183336
54,2,1,2,7.2,0.54,1.229256,15.5,98.09932729183336
57,2,1,2,7.2,0.72,1.229256,15.5,98.09932729183336
62,2,1,2,-7.2,0.9,-1.8473040000000003,22.0,98.09932729183336
63,2,1,2,-7.2,0.72,-1.8473040000000003,21.0,98.09932729183336
64,2,1,2,-7.2,0.54,-1.8473040000000003,21.0,98.09932729183336
65,2,1,2,-7.2,0.36000000000000004,-1.8473040000000003,19.5,98.09932729183336
67,2,1,2,2.3999999999999995,0.18000000000000005,0.4097519999999999,18.0,98.09932729183336
69,2,1,2,7.2,0.24000000000000005,1.229256,16.5,98.09932729183336
71,2,1,2,7.2,0.42000000000000004,1.229256,15.5,98.09932729183336
51,3,1,3,7.2,0.4,1.229256,16.0,98.00284708449328
54,3,1,3,7.2,0.58,1.229256,15.5,98.00284708449328
58,3,1,3,2.3999999999999986,0.76,0.4097519999999997,17.0,98.00284708449328
62,3,1,3,-7.2,0.82,-1.8473040000000003,22.0,98.00284708449328
63,3,1,3,-7.2,0.6399999999999999,-1.8473040000000003,21.0,98.00284708449328
64,3,1,3,-7.2,0.45999999999999996,-1.8473040000000003,21.0,98.00284708449328
65,3,1,3,-7.2,0.27999999999999997,-1.8473040000000003,19.5,98.00284708449328
67,3,1,3,7.2,0.1,1.229256,18.0,98.00284708449328
69,3,1,3,5.600000000000001,0.27999999999999997,0.9560880000000002,16.5,98.00284708449328
71,3,1,3,7.2,0.42000000000000004,1.229256,15.5,98.00284708449328
55,4,1,4,7.2,0.4,1.229256,15.5,97.91000587457474
62,4,1,4,-7.2,0.58,-1.8473040000000003,22.0,97.91000587457474
63,4,1,4,-7.2,0.4,-1.8473040000000003,21.0,97.91000587457474
64,4,1,4,-2.4000000000000243,0.22000000000000003,-0.6157680000000063,21.0,97.91000587457474
65,4,1,4,-2.3999999999999764,0.15999999999999942,-0.615767999999994,19.5,97.91000587457474
67,4,1,4,7.2,0.1,1.229256,18.0,97.91000587457474
70,4,1,4,7.2,0.27999999999999997,1.229256,15.5,97.91000587457474
71,4,1,4,5.600000000000001,0.45999999999999996,0.9560880000000002,15.5,97.91000587457474
54,5,1,5,7.2,0.4,1.229256,15.5,97.82341326960164
57,5,1,5,0.7999999999999758,0.58,0.13658399999999588,15.5,97.82341326960164
63,5,1,5,-7.1999999999999735,0.5999999999999994,-1.8473039999999934,21.0,97.82341326960164
65,5,1,5,-7.2,0.42000000000000004,-1.8473040000000003,19.5,97.82341326960164
67,5,1,5,7.2,0.24000000000000005,1.229256,18.0,97.82341326960164
71,5,1,5,7.2,0.42000000000000004,1.229256,15.5,97.82341326960164
54,6,1,6,7.2,0.4,1.229256,15.5,97.7396582127297
56,6,1,6,7.2,0.58,1.229256,15.5,97.7396582127297
57,6,1,6,0.8000000000000007,0.76,0.13658400000000012,15.5,97.7396582127297
62,6,1,6,-7.2,0.78,-1.8473040000000003,22.0,97.7396582127297
51,7,1,7,5.600000000000001,0.4,0.9560880000000002,16.0,97.66254608770176
54,7,1,7,7.2,0.54,1.229256,15.5,97.66254608770176
55,7,1,7,7.2,0.72,1.229256,15.5,97.66254608770176
62,7,1,7,-7.2,0.9,-1.8473040000000003,22.0,97.66254608770176
63,7,1,7,-7.2,0.72,-1.8473040000000003,21.0,97.66254608770176
64,7,1,7,-4.800000000000001,0.54,-1.2315360000000002,21.0,97.66254608770176
65,7,1,7,-7.2,0.42000000000000004,-1.8473040000000003,19.5,97.66254608770176
69,7,1,7,7.2,0.24000000000000005,1.229256,16.5,97.66254608770176
71,7,1,7,7.2,0.42000000000000004,1.229256,15.5,97.66254608770176
51,8,1,8,5.600000000000001,0.4,0.9560880000000002,16.0,97.58766782506437
54,8,1,8,7.2,0.54,1.229256,15.5,97.58766782506437
57,8,1,8,7.2,0.72,1.229256,15.5,97.58766782506437
62,8,1,8,-7.2,0.9,-1.8473040000000003,22.0,97.58766782506437
65,8,1,8,-7.2,0.72,-1.8473040000000003,19.5,97.58766782506437
71,8,1,8,2.3999999999999986,0.54,0.4097519999999997,15.5,97.58766782506437
55,9,1,9,7.2,0.4,1.229256,15.5,97.51852536976372
56,9,1,9,0.8000000000000256,0.58,0.13658400000000437,15.5,97.51852536976372
63,9,1,9,-7.2,0.6000000000000006,-1.8473040000000003,21.0,97.51852536976372
64,9,1,9,-7.2,0.42000000000000065,-1.8473040000000003,21.0,97.51852536976372
69,9,1,9,7.2,0.24000000000000066,1.229256,16.5,97.51852536976372
71,9,1,9,7.199999999999974,0.42000000000000065,1.2292559999999957,15.5,97.51852536976372
55,10,1,10,7.2,0.4,1.229256,15.5,97.45462037785828
57,10,1,10,7.2,0.58,1.229256,15.5,97.45462037785828
63,10,1,10,-6.399999999999999,0.76,-1.6420479999999997,21.0,97.45462037785828
64,10,1,10,-7.2,0.6,-1.8473040000000003,21.0,97.45462037785828
65,10,1,10,-7.2,0.42000000000000004,-1.8473040000000003,19.5,97.45462037785828
67,10,1,10,7.2,0.24000000000000005,1.229256,18.0,97.45462037785828
69,10,1,10,7.2,0.42000000000000004,1.229256,16.5,97.45462037785828
54,11,1,11,7.2,0.4,1.229256,15.5,97.39229239353588
55,11,1,11,7.2,0.58,1.229256,15.5,97.39229239353588
62,11,1,11,-7.2,0.76,-1.8473040000000003,22.0,97.39229239353588
63,11,1,11,-4.800000000000001,0.58,-1.2315360000000002,21.0,97.39229239353588
64,11,1,11,-7.2,0.45999999999999996,-1.8473040000000003,21.0,97.39229239353588
65,11,1,11,-7.2,0.27999999999999997,-1.8473040000000003,19.5,97.39229239353588
67,11,1,11,7.2,0.1,1.229256,18.0,97.39229239353588
69,11,1,11,7.2,0.27999999999999997,1.229256,16.5,97.39229239353588
71,11,1,11,5.600000000000001,0.45999999999999996,0.9560880000000002,15.5,97.39229239353588
54,12,1,12,7.2,0.4,1.229256,15.5,97.33354007122736
55,12,1,12,7.2,0.58,1.229256,15.5,97.33354007122736
57,12,1,12,5.600000000000001,0.76,0.9560880000000002,15.5,97.33354007122736
63,12,1,12,-4.800000000000001,0.9,-1.2315360000000002,21.0,97.33354007122736
64,12,1,12,-7.2,0.78,-1.8473040000000003,21.0,97.33354007122736
65,12,1,12,-7.2,0.6,-1.8473040000000003,19.5,97.33354007122736
69,12,1,12,7.2,0.42000000000000004,1.229256,16.5,97.33354007122736
55,13,1,13,7.2,0.4,1.229256,15.5,97.27610729495757
56,13,1,13,7.2,0.58,1.229256,15.5,97.27610729495757
58,13,1,13,5.600000000000001,0.76,0.9560880000000002,17.0,97.27610729495757
62,13,1,13,-7.2,0.9,-1.8473040000000003,22.0,97.27610729495757
63,13,1,13,-4.800000000000001,0.72,-1.2315360000000002,21.0,97.27610729495757
64,13,1,13,-7.2,0.6,-1.8473040000000003,21.0,97.27610729495757
71,13,1,13,7.2,0.42000000000000004,1.229256,15.5,97.27610729495757
54,14,1,14,7.2,0.4,1.229256,15.5,97.21990895818858
55,14,1,14,7.2,0.58,1.229256,15.5,97.21990895818858
62,14,1,14,-6.399999999999999,0.76,-1.6420479999999997,22.0,97.21990895818858
64,14,1,14,-7.2,0.6,-1.8473040000000003,21.0,97.21990895818858
65,14,1,14,-7.2,0.42000000000000004,-1.8473040000000003,19.5,97.21990895818858
69,14,1,14,7.2,0.24000000000000005,1.229256,16.5,97.21990895818858
71,14,1,14,7.2,0.42000000000000004,1.229256,15.5,97.21990895818858
54,15,1,15,7.2,0.4,1.229256,15.5,97.16289209483952
55,15,1,15,7.2,0.58,1.229256,15.5,97.16289209483952
62,15,1,15,-7.2,0.76,-1.8473040000000003,22.0,97.16289209483952
63,15,1,15,-7.2,0.58,-1.8473040000000003,21.0,97.16289209483952
64,15,1,15,-6.399999999999999,0.4,-1.6420479999999997,21.0,97.16289209483952
69,15,1,15,7.2,0.24000000000000005,1.229256,16.5,97.16289209483952
71,15,1,15,7.2,0.42000000000000004,1.229256,15.5,97.16289209483952
57,16,1,16,7.2,0.4,1.229256,15.5,97.10700368188589
58,16,1,16,0.7999999999999581,0.58,0.13658399999999285,17.0,97.10700368188589
64,16,1,16,-7.199999999999956,0.599999999999999,-1.8473039999999887,21.0,97.10700368188589
65,16,1,16,-7.2,0.42000000000000004,-1.8473040000000003,19.5,97.10700368188589
70,16,1,16,7.2,0.24000000000000005,1.229256,15.5,97.10700368188589
71,16,1,16,7.2,0.42000000000000004,1.229256,15.5,97.10700368188589
54,17,1,17,7.2,0.4,1.229256,15.5,97.05313630882509
56,17,1,17,0.8000000000000007,0.58,0.13658400000000012,15.5,97.05313630882509
63,17,1,17,-7.2,0.6,-1.8473040000000003,21.0,97.05313630882509
64,17,1,17,-7.2,0.42000000000000004,-1.8473040000000003,21.0,97.05313630882509
69,17,1,17,7.2,0.24000000000000005,1.229256,16.5,97.05313630882509
71,17,1,17,7.2,0.42000000000000004,1.229256,15.5,97.05313630882509
51,18,1,18,5.600000000000001,0.4,0.9560880000000002,16.0,97.00118309462326
54,18,1,18,7.2,0.54,1.229256,15.5,97.00118309462326
55,18,1,18,7.2,0.72,1.229256,15.5,97.00118309462326
62,18,1,18,-7.2,0.9,-1.8473040000000003,22.0,97.00118309462326
63,18,1,18,-7.2,0.72,-1.8473040000000003,21.0,97.00118309462326
65,18,1,18,-4.800000000000001,0.54,-1.2315360000000002,19.5,97.00118309462326
67,18,1,18,7.2,0.42000000000000004,1.229256,18.0,97.00118309462326
56,19,1,19,7.2,0.4,1.229256,15.5,96.95014894607735
57,19,1,19,7.2,0.58,1.229256,15.5,96.95014894607735
62,19,1,19,-7.2,0.76,-1.8473040000000003,22.0,96.95014894607735
63,19,1,19,-7.2,0.58,-1.8473040000000003,21.0,96.95014894607735
65,19,1,19,-6.399999999999999,0.4,-1.6420479999999997,19.5,96.95014894607735
69,19,1,19,7.2,0.24000000000000005,1.229256,16.5,96.95014894607735
71,19,1,19,7.2,0.42000000000000004,1.229256,15.5,96.95014894607735
51,20,1,20,7.2,0.4,1.229256,16.0,96.89998674753127
54,20,1,20,7.2,0.58,1.229256,15.5,96.89998674753127
62,20,1,20,-7.199999999999977,0.76,-1.8473039999999943,22.0,96.89998674753127
64,20,1,20,-7.2,0.5800000000000005,-1.8473040000000003,21.0,96.89998674753127
65,20,1,20,-7.2,0.4000000000000005,-1.8473040000000003,19.5,96.89998674753127
67,20,1,20,0.7999999999999794,0.22000000000000056,0.13658399999999649,18.0,96.89998674753127
69,20,1,20,7.2,0.24000000000000005,1.229256,16.5,96.89998674753127
70,20,1,20,7.2,0.42000000000000004,1.229256,15.5,96.89998674753127
78,1,1,1,5.600000000000001,0.4,0.9560880000000002,15.5,99.49058878329365
79,1,1,1,7.2,0.54,1.229256,15.5,99.49058878329365
82,1,1,1,7.2,0.72,1.229256,17.0,99.49058878329365
86,1,1,1,-7.2,0.9,-1.8473040000000003,22.0,99.49058878329365
87,1,1,1,-7.2,0.72,-1.8473040000000003,21.0,99.49058878329365
88,1,1,1,-7.2,0.54,-1.8473040000000003,21.0,99.49058878329365
89,1,1,1,-7.2,0.36000000000000004,-1.8473040000000003,19.5,99.49058878329365
91,1,1,1,2.3999999999999995,0.18000000000000005,0.4097519999999999,18.0,99.49058878329365
94,1,1,1,7.2,0.24000000000000005,1.229256,15.5,99.49058878329365
95,1,1,1,7.2,0.42000000000000004,1.229256,15.5,99.49058878329365
75,2,1,2,5.600000000000001,0.4,0.9560880000000002,16.0,99.25841312738794
78,2,1,2,7.2,0.54,1.229256,15.5,99.25841312738794
81,2,1,2,7.2,0.72,1.229256,15.5,99.25841312738794
86,2,1,2,-7.2,0.9,-1.8473040000000003,22.0,99.25841312738794
87,2,1,2,-7.2,0.72,-1.8473040000000003,21.0,99.25841312738794
88,2,1,2,-7.2,0.54,-1.8473040000000003,21.0,99.25841312738794
89,2,1,2,-7.2,0.36000000000000004,-1.8473040000000003,19.5,99.25841312738794
91,2,1,2,2.3999999999999995,0.18000000000000005,0.4097519999999999,18.0,99.25841312738794
93,2,1,2,7.2,0.24000000000000005,1.229256,16.5,99.25841312738794
95,2,1,2,7.2,0.42000000000000004,1.229256,15.5,99.25841312738794
75,3,1,3,7.2,0.4,1.229256,16.0,99.08282623949891
78,3,1,3,7.2,0.58,1.229256,15.5,99.08282623949891
82,3,1,3,2.3999999999999986,0.76,0.4097519999999997,17.0,99.08282623949891
86,3,1,3,-7.2,0.82,-1.8473040000000003,22.0,99.08282623949891
87,3,1,3,-7.2,0.6399999999999999,-1.8473040000000003,21.0,99.08282623949891
88,3,1,3,-7.2,0.45999999999999996,-1.8473040000000003,21.0,99.08282623949891
89,3,1,3,-7.2,0.27999999999999997,-1.8473040000000003,19.5,99.08282623949891
91,3,1,3,7.2,0.1,1.229256,18.0,99.08282623949891
93,3,1,3,5.600000000000001,0.27999999999999997,0.9560880000000002,16.5,99.08282623949891
95,3,1,3,7.2,0.42000000000000004,1.229256,15.5,99.08282623949891
79,4,1,4,7.2,0.4,1.229256,15.5,98.93721200535026
86,4,1,4,-7.2,0.58,-1.8473040000000003,22.0,98.93721200535026
87,4,1,4,-7.2,0.4,-1.8473040000000003,21.0,98.93721200535026
88,4,1,4,-2.4000000000000243,0.22000000000000003,-0.6157680000000063,21.0,98.93721200535026
89,4,1,4,-2.3999999999999764,0.15999999999999942,-0.615767999999994,19.5,98.93721200535026
91,4,1,4,7.2,0.1,1.229256,18.0,98.93721200535026
94,4,1,4,7.2,0.27999999999999997,1.229256,15.5,98.93721200535026
95,4,1,4,5.600000000000001,0.45999999999999996,0.9560880000000002,15.5,98.93721200535026
78,5,1,5,7.2,0.4,1.229256,15.5,98.8088365453097
81,5,1,5,0.7999999999999758,0.58,0.13658399999999588,15.5,98.8088365453097
87,5,1,5,-7.1999999999999735,0.5999999999999994,-1.8473039999999934,21.0,98.8088365453097
89,5,1,5,-7.2,0.42000000000000004,-1.8473040000000003,19.5,98.8088365453097
91,5,1,5,7.2,0.24000000000000005,1.229256,18.0,98.8088365453097
95,5,1,5,7.2,0.42000000000000004,1.229256,15.5,98.8088365453097
78,6,1,6,7.2,0.4,1.229256,15.5,98.69272674741082
80,6,1,6,7.2,0.58,1.229256,15.5,98.69272674741082
81,6,1,6,0.8000000000000007,0.76,0.13658400000000012,15.5,98.69272674741082
86,6,1,6,-7.2,0.78,-1.8473040000000003,22.0,98.69272674741082
75,7,1,7,5.600000000000001,0.4,0.9560880000000002,16.0,98.58592137630538
78,7,1,7,7.2,0.54,1.229256,15.5,98.58592137630538
79,7,1,7,7.2,0.72,1.229256,15.5,98.58592137630538
86,7,1,7,-7.2,0.9,-1.8473040000000003,22.0,98.58592137630538
87,7,1,7,-7.2,0.72,-1.8473040000000003,21.0,98.58592137630538
88,7,1,7,-4.800000000000001,0.54,-1.2315360000000002,21.0,98.58592137630538
89,7,1,7,-7.2,0.42000000000000004,-1.8473040000000003,19.5,98.58592137630538
93,7,1,7,7.2,0.24000000000000005,1.229256,16.5,98.58592137630538
95,7,1,7,7.2,0.42000000000000004,1.229256,15.5,98.58592137630538
75,8,1,8,5.600000000000001,0.4,0.9560880000000002,16.0,98.48648798343284
78,8,1,8,7.2,0.54,1.229256,15.5,98.48648798343284
81,8,1,8,7.2,0.72,1.229256,15.5,98.48648798343284
86,8,1,8,-7.2,0.9,-1.8473040000000003,22.0,98.48648798343284
89,8,1,8,-7.2,0.72,-1.8473040000000003,19.5,98.48648798343284
95,8,1,8,2.3999999999999986,0.54,0.4097519999999997,15.5,98.48648798343284
79,9,1,9,7.2,0.4,1.229256,15.5,98.39308276763289
80,9,1,9,0.8000000000000256,0.58,0.13658400000000437,15.5,98.39308276763289
87,9,1,9,-7.2,0.6000000000000006,-1.8473040000000003,21.0,98.39308276763289
88,9,1,9,-7.2,0.42000000000000065,-1.8473040000000003,21.0,98.39308276763289
93,9,1,9,7.2,0.24000000000000066,1.229256,16.5,98.39308276763289
95,9,1,9,7.199999999999974,0.42000000000000065,1.2292559999999957,15.5,98.39308276763289
79,10,1,10,7.2,0.4,1.229256,15.5,98.29993285689733
81,10,1,10,7.2,0.58,1.229256,15.5,98.29993285689733
87,10,1,10,-6.399999999999999,0.76,-1.6420479999999997,21.0,98.29993285689733
88,10,1,10,-7.2,0.6,-1.8473040000000003,21.0,98.29993285689733
89,10,1,10,-7.2,0.42000000000000004,-1.8473040000000003,19.5,98.29993285689733
91,10,1,10,7.2,0.24000000000000005,1.229256,18.0,98.29993285689733
93,10,1,10,7.2,0.42000000000000004,1.229256,16.5,98.29993285689733
78,11,1,11,7.2,0.4,1.229256,15.5,98.1999112153399
79,11,1,11,7.2,0.58,1.229256,15.5,98.1999112153399
86,11,1,11,-7.2,0.76,-1.8473040000000003,22.0,98.1999112153399
87,11,1,11,-4.800000000000001,0.58,-1.2315360000000002,21.0,98.1999112153399
88,11,1,11,-7.2,0.45999999999999996,-1.8473040000000003,21.0,98.1999112153399
89,11,1,11,-7.2,0.27999999999999997,-1.8473040000000003,19.5,98.1999112153399
91,11,1,11,7.2,0.1,1.229256,18.0,98.1999112153399
93,11,1,11,7.2,0.27999999999999997,1.229256,16.5,98.1999112153399
95,11,1,11,5.600000000000001,0.45999999999999996,0.9560880000000002,15.5,98.1999112153399
78,12,1,12,7.2,0.4,1.229256,15.5,98.09932729183336
79,12,1,12,7.2,0.58,1.229256,15.5,98.09932729183336
81,12,1,12,5.600000000000001,0.76,0.9560880000000002,15.5,98.09932729183336
87,12,1,12,-4.800000000000001,0.9,-1.2315360000000002,21.0,98.09932729183336
88,12,1,12,-7.2,0.78,-1.8473040000000003,21.0,98.09932729183336
89,12,1,12,-7.2,0.6,-1.8473040000000003,19.5,98.09932729183336
93,12,1,12,7.2,0.42000000000000004,1.229256,16.5,98.09932729183336
79,13,1,13,7.2,0.4,1.229256,15.5,98.00284708449328
80,13,1,13,7.2,0.58,1.229256,15.5,98.00284708449328
82,13,1,13,5.600000000000001,0.76,0.9560880000000002,17.0,98.00284708449328
86,13,1,13,-7.2,0.9,-1.8473040000000003,22.0,98.00284708449328
87,13,1,13,-4.800000000000001,0.72,-1.2315360000000002,21.0,98.00284708449328
88,13,1,13,-7.2,0.6,-1.8473040000000003,21.0,98.00284708449328
95,13,1,13,7.2,0.42000000000000004,1.229256,15.5,98.00284708449328
78,14,1,14,7.2,0.4,1.229256,15.5,97.91000587457474
79,14,1,14,7.2,0.58,1.229256,15.5,97.91000587457474
86,14,1,14,-6.399999999999999,0.76,-1.6420479999999997,22.0,97.91000587457474
88,14,1,14,-7.2,0.6,-1.8473040000000003,21.0,97.91000587457474
89,14,1,14,-7.2,0.42000000000000004,-1.8473040000000003,19.5,97.91000587457474
93,14,1,14,7.2,0.24000000000000005,1.229256,16.5,97.91000587457474
95,14,1,14,7.2,0.42000000000000004,1.229256,15.5,97.91000587457474
78,15,1,15,7.2,0.4,1.229256,15.5,97.82341326960164
79,15,1,15,7.2,0.58,1.229256,15.5,97.82341326960164
86,15,1,15,-7.2,0.76,-1.8473040000000003,22.0,97.82341326960164
87,15,1,15,-7.2,0.58,-1.8473040000000003,21.0,97.82341326960164
88,15,1,15,-6.399999999999999,0.4,-1.6420479999999997,21.0,97.82341326960164
93,15,1,15,7.2,0.24000000000000005,1.229256,16.5,97.82341326960164
95,15,1,15,7.2,0.42000000000000004,1.229256,15.5,97.82341326960164
81,16,1,16,7.2,0.4,1.229256,15.5,97.7396582127297
82,16,1,16,0.7999999999999581,0.58,0.13658399999999285,17.0,97.7396582127297
88,16,1,16,-7.199999999999956,0.599999999999999,-1.8473039999999887,21.0,97.7396582127297
89,16,1,16,-7.2,0.42000000000000004,-1.8473040000000003,19.5,97.7396582127297
94,16,1,16,7.2,0.24000000000000005,1.229256,15.5,97.7396582127297
95,16,1,16,7.2,0.42000000000000004,1.229256,15.5,97.7396582127297
78,17,1,17,7.2,0.4,1.229256,15.5,97.66254608770176
80,17,1,17,0.8000000000000007,0.58,0.13658400000000012,15.5,97.66254608770176
87,17,1,17,-7.2,0.6,-1.8473040000000003,21.0,97.66254608770176
88,17,1,17,-7.2,0.42000000000000004,-1.8473040000000003,21.0,97.66254608770176
93,17,1,17,7.2,0.24000000000000005,1.229256,16.5,97.66254608770176
95,17,1,17,7.2,0.42000000000000004,1.229256,15.5,97.66254608770176
75,18,1,18,5.600000000000001,0.4,0.9560880000000002,16.0,97.58766782506437
78,18,1,18,7.2,0.54,1.229256,15.5,97.58766782506437
79,18,1,18,7.2,0.72,1.229256,15.5,97.58766782506437
86,18,1,18,-7.2,0.9,-1.8473040000000003,22.0,97.58766782506437
87,18,1,18,-7.2,0.72,-1.8473040000000003,21.0,97.58766782506437
89,18,1,18,-4.800000000000001,0.54,-1.2315360000000002,19.5,97.58766782506437
91,18,1,18,7.2,0.42000000000000004,1.229256,18.0,97.58766782506437
80,19,1,19,7.2,0.4,1.229256,15.5,97.51852536976372
81,19,1,19,7.2,0.58,1.229256,15.5,97.51852536976372
86,19,1,19,-7.2,0.76,-1.8473040000000003,22.0,97.51852536976372
87,19,1,19,-7.2,0.58,-1.8473040000000003,21.0,97.51852536976372
89,19,1,19,-6.399999999999999,0.4,-1.6420479999999997,19.5,97.51852536976372
93,19,1,19,7.2,0.24000000000000005,1.229256,16.5,97.51852536976372
95,19,1,19,7.2,0.42000000000000004,1.229256,15.5,97.51852536976372
75,20,1,20,7.2,0.4,1.229256,16.0,97.45462037785828
78,20,1,20,7.2,0.58,1.229256,15.5,97.45462037785828
86,20,1,20,-7.199999999999977,0.76,-1.8473039999999943,22.0,97.45462037785828
88,20,1,20,-7.2,0.5800000000000005,-1.8473040000000003,21.0,97.45462037785828
89,20,1,20,-7.2,0.4000000000000005,-1.8473040000000003,19.5,97.45462037785828
91,20,1,20,0.7999999999999794,0.22000000000000056,0.13658399999999649,18.0,97.45462037785828
93,20,1,20,7.2,0.24000000000000005,1.229256,16.5,97.45462037785828
94,20,1,20,7.2,0.42000000000000004,1.229256,15.5,97.45462037785828
102,1,1,1,5.600000000000001,0.4,0.9560880000000002,15.5,97.39229239353588
103,1,1,1,7.2,0.54,1.229256,15.5,97.39229239353588
106,1,1,1,7.2,0.72,1.229256,17.0,97.39229239353588
110,1,1,1,-7.2,0.9,-1.8473040000000003,22.0,97.39229239353588
111,1,1,1,-7.2,0.72,-1.8473040000000003,21.0,97.39229239353588
112,1,1,1,-7.2,0.54,-1.8473040000000003,21.0,97.39229239353588
113,1,1,1,-7.2,0.36000000000000004,-1.8473040000000003,19.5,97.39229239353588
115,1,1,1,2.3999999999999995,0.18000000000000005,0.4097519999999999,18.0,97.39229239353588
118,1,1,1,7.2,0.24000000000000005,1.229256,15.5,97.39229239353588
119,1,1,1,7.2,0.42000000000000004,1.229256,15.5,97.39229239353588
99,2,1,2,5.600000000000001,0.4,0.9560880000000002,16.0,97.33354007122736
102,2,1,2,7.2,0.54,1.229256,15.5,97.33354007122736
105,2,1,2,7.2,0.72,1.229256,15.5,97.33354007122736
110,2,1,2,-7.2,0.9,-1.8473040000000003,22.0,97.33354007122736
111,2,1,2,-7.2,0.72,-1.8473040000000003,21.0,97.33354007122736
112,2,1,2,-7.2,0.54,-1.8473040000000003,21.0,97.33354007122736
113,2,1,2,-7.2,0.36000000000000004,-1.8473040000000003,19.5,97.33354007122736
115,2,1,2,2.3999999999999995,0.18000000000000005,0.4097519999999999,18.0,97.33354007122736
117,2,1,2,7.2,0.24000000000000005,1.229256,16.5,97.33354007122736
119,2,1,2,7.2,0.42000000000000004,1.229256,15.5,97.33354007122736
99,3,1,3,7.2,0.4,1.229256,16.0,97.27610729495757
102,3,1,3,7.2,0.58,1.229256,15.5,97.27610729495757
106,3,1,3,2.3999999999999986,0.76,0.4097519999999997,17.0,97.27610729495757
110,3,1,3,-7.2,0.82,-1.8473040000000003,22.0,97.27610729495757
111,3,1,3,-7.2,0.6399999999999999,-1.8473040000000003,21.0,97.27610729495757
112,3,1,3,-7.2,0.45999999999999996,-1.8473040000000003,21.0,97.27610729495757
113,3,1,3,-7.2,0.27999999999999997,-1.8473040000000003,19.5,97.27610729495757
115,3,1,3,7.2,0.1,1.229256,18.0,97.27610729495757
117,3,1,3,5.600000000000001,0.27999999999999997,0.9560880000000002,16.5,97.27610729495757
119,3,1,3,7.2,0.42000000000000004,1.229256,15.5,97.27610729495757
103,4,1,4,7.2,0.4,1.229256,15.5,97.21990895818858
110,4,1,4,-7.2,0.58,-1.8473040000000003,22.0,97.21990895818858
111,4,1,4,-7.2,0.4,-1.8473040000000003,21.0,97.21990895818858
112,4,1,4,-2.4000000000000243,0.22000000000000003,-0.6157680000000063,21.0,97.21990895818858
113,4,1,4,-2.3999999999999764,0.15999999999999942,-0.615767999999994,19.5,97.21990895818858
115,4,1,4,7.2,0.1,1.229256,18.0,97.21990895818858
118,4,1,4,7.2,0.27999999999999997,1.229256,15.5,97.21990895818858
119,4,1,4,5.600000000000001,0.45999999999999996,0.9560880000000002,15.5,97.21990895818858
102,5,1,5,7.2,0.4,1.229256,15.5,97.16289209483952
105,5,1,5,0.7999999999999758,0.58,0.13658399999999588,15.5,97.16289209483952
111,5,1,5,-7.1999999999999735,0.5999999999999994,-1.8473039999999934,21.0,97.16289209483952
113,5,1,5,-7.2,0.42000000000000004,-1.8473040000000003,19.5,97.16289209483952
115,5,1,5,7.2,0.24000000000000005,1.229256,18.0,97.16289209483952
119,5,1,5,7.2,0.42000000000000004,1.229256,15.5,97.16289209483952
102,6,1,6,7.2,0.4,1.229256,15.5,97.10700368188589
104,6,1,6,7.2,0.58,1.229256,15.5,97.10700368188589
105,6,1,6,0.8000000000000007,0.76,0.13658400000000012,15.5,97.10700368188589
110,6,1,6,-7.2,0.78,-1.8473040000000003,22.0,97.10700368188589
99,7,1,7,5.600000000000001,0.4,0.9560880000000002,16.0,97.05313630882509
102,7,1,7,7.2,0.54,1.229256,15.5,97.05313630882509
103,7,1,7,7.2,0.72,1.229256,15.5,97.05313630882509
110,7,1,7,-7.2,0.9,-1.8473040000000003,22.0,97.05313630882509
111,7,1,7,-7.2,0.72,-1.8473040000000003,21.0,97.05313630882509
112,7,1,7,-4.800000000000001,0.54,-1.2315360000000002,21.0,97.05313630882509
113,7,1,7,-7.2,0.42000000000000004,-1.8473040000000003,19.5,97.05313630882509
117,7,1,7,7.2,0.24000000000000005,1.229256,16.5,97.05313630882509
119,7,1,7,7.2,0.42000000000000004,1.229256,15.5,97.05313630882509
99,8,1,8,5.600000000000001,0.4,0.9560880000000002,16.0,97.00118309462326
102,8,1,8,7.2,0.54,1.229256,15.5,97.00118309462326
105,8,1,8,7.2,0.72,1.229256,15.5,97.00118309462326
110,8,1,8,-7.2,0.9,-1.8473040000000003,22.0,97.00118309462326
113,8,1,8,-7.2,0.72,-1.8473040000000003,19.5,97.00118309462326
119,8,1,8,2.3999999999999986,0.54,0.4097519999999997,15.5,97.00118309462326
103,9,1,9,7.2,0.4,1.229256,15.5,96.95014894607735
104,9,1,9,0.8000000000000256,0.58,0.13658400000000437,15.5,96.95014894607735
111,9,1,9,-7.2,0.6000000000000006,-1.8473040000000003,21.0,96.95014894607735
112,9,1,9,-7.2,0.42000000000000065,-1.8473040000000003,21.0,96.95014894607735
117,9,1,9,7.2,0.24000000000000066,1.229256,16.5,96.95014894607735
119,9,1,9,7.199999999999974,0.42000000000000065,1.2292559999999957,15.5,96.95014894607735
103,10,1,10,7.2,0.4,1.229256,15.5,96.89998674753127
105,10,1,10,7.2,0.58,1.229256,15.5,96.89998674753127
111,10,1,10,-6.399999999999999,0.76,-1.6420479999999997,21.0,96.89998674753127
112,10,1,10,-7.2,0.6,-1.8473040000000003,21.0,96.89998674753127
113,10,1,10,-7.2,0.42000000000000004,-1.8473040000000003,19.5,96.89998674753127
115,10,1,10,7.2,0.24000000000000005,1.229256,18.0,96.89998674753127
117,10,1,10,7.2,0.42000000000000004,1.229256,16.5,96.89998674753127
102,11,1,11,7.2,0.4,1.229256,15.5,99.49727373680501
103,11,1,11,7.2,0.58,1.229256,15.5,99.49727373680501
110,11,1,11,-7.2,0.76,-1.8473040000000003,22.0,99.49727373680501
111,11,1,11,-4.800000000000001,0.58,-1.2315360000000002,21.0,99.49727373680501
112,11,1,11,-7.2,0.45999999999999996,-1.8473040000000003,21.0,99.49727373680501
113,11,1,11,-7.2,0.27999999999999997,-1.8473040000000003,19.5,99.49727373680501
115,11,1,11,7.2,0.1,1.229256,18.0,99.49727373680501
117,11,1,11,7.2,0.27999999999999997,1.229256,16.5,99.49727373680501
119,11,1,11,5.600000000000001,0.45999999999999996,0.9560880000000002,15.5,99.49727373680501
102,12,1,12,7.2,0.4,1.229256,15.5,99.2650980808993
103,12,1,12,7.2,0.58,1.229256,15.5,99.2650980808993
105,12,1,12,5.600000000000001,0.76,0.9560880000000002,15.5,99.2650980808993
111,12,1,12,-4.800000000000001,0.9,-1.2315360000000002,21.0,99.2650980808993
112,12,1,12,-7.2,0.78,-1.8473040000000003,21.0,99.2650980808993
113,12,1,12,-7.2,0.6,-1.8473040000000003,19.5,99.2650980808993
117,12,1,12,7.2,0.42000000000000004,1.229256,16.5,99.2650980808993
103,13,1,13,7.2,0.4,1.229256,15.5,99.08951119301028
104,13,1,13,7.2,0.58,1.229256,15.5,99.08951119301028
106,13,1,13,5.600000000000001,0.76,0.9560880000000002,17.0,99.08951119301028
110,13,1,13,-7.2,0.9,-1.8473040000000003,22.0,99.08951119301028
111,13,1,13,-4.800000000000001,0.72,-1.2315360000000002,21.0,99.08951119301028
112,13,1,13,-7.2,0.6,-1.8473040000000003,21.0,99.08951119301028
119,13,1,13,7.2,0.42000000000000004,1.229256,15.5,99.08951119301028
102,14,1,14,7.2,0.4,1.229256,15.5,98.94389695886163
103,14,1,14,7.2,0.58,1.229256,15.5,98.94389695886163
110,14,1,14,-6.399999999999999,0.76,-1.6420479999999997,22.0,98.94389695886163
112,14,1,14,-7.2,0.6,-1.8473040000000003,21.0,98.94389695886163
113,14,1,14,-7.2,0.42000000000000004,-1.8473040000000003,19.5,98.94389695886163
117,14,1,14,7.2,0.24000000000000005,1.229256,16.5,98.94389695886163
119,14,1,14,7.2,0.42000000000000004,1.229256,15.5,98.94389695886163
102,15,1,15,7.2,0.4,1.229256,15.5,98.81552149882107
103,15,1,15,7.2,0.58,1.229256,15.5,98.81552149882107
110,15,1,15,-7.2,0.76,-1.8473040000000003,22.0,98.81552149882107
111,15,1,15,-7.2,0.58,-1.8473040000000003,21.0,98.81552149882107
112,15,1,15,-6.399999999999999,0.4,-1.6420479999999997,21.0,98.81552149882107
117,15,1,15,7.2,0.24000000000000005,1.229256,16.5,98.81552149882107
119,15,1,15,7.2,0.42000000000000004,1.229256,15.5,98.81552149882107
105,16,1,16,7.2,0.4,1.229256,15.5,98.69941170092218
106,16,1,16,0.7999999999999581,0.58,0.13658399999999285,17.0,98.69941170092218
112,16,1,16,-7.199999999999956,0.599999999999999,-1.8473039999999887,21.0,98.69941170092218
113,16,1,16,-7.2,0.42000000000000004,-1.8473040000000003,19.5,98.69941170092218
118,16,1,16,7.2,0.24000000000000005,1.229256,15.5,98.69941170092218
119,16,1,16,7.2,0.42000000000000004,1.229256,15.5,98.69941170092218
102,17,1,17,7.2,0.4,1.229256,15.5,98.59260632981675
104,17,1,17,0.8000000000000007,0.58,0.13658400000000012,15.5,98.59260632981675
111,17,1,17,-7.2,0.6,-1.8473040000000003,21.0,98.59260632981675
112,17,1,17,-7.2,0.42000000000000004,-1.8473040000000003,21.0,98.59260632981675
117,17,1,17,7.2,0.24000000000000005,1.229256,16.5,98.59260632981675
119,17,1,17,7.2,0.42000000000000004,1.229256,15.5,98.59260632981675
99,18,1,18,5.600000000000001,0.4,0.9560880000000002,16.0,98.4931729369442
102,18,1,18,7.2,0.54,1.229256,15.5,98.4931729369442
103,18,1,18,7.2,0.72,1.229256,15.5,98.4931729369442
110,18,1,18,-7.2,0.9,-1.8473040000000003,22.0,98.4931729369442
111,18,1,18,-7.2,0.72,-1.8473040000000003,21.0,98.4931729369442
113,18,1,18,-4.800000000000001,0.54,-1.2315360000000002,19.5,98.4931729369442
115,18,1,18,7.2,0.42000000000000004,1.229256,18.0,98.4931729369442
104,19,1,19,7.2,0.4,1.229256,15.5,98.39976772114426
105,19,1,19,7.2,0.58,1.229256,15.5,98.39976772114426
110,19,1,19,-7.2,0.76,-1.8473040000000003,22.0,98.39976772114426
111,19,1,19,-7.2,0.58,-1.8473040000000003,21.0,98.39976772114426
113,19,1,19,-6.399999999999999,0.4,-1.6420479999999997,19.5,98.39976772114426
117,19,1,19,7.2,0.24000000000000005,1.229256,16.5,98.39976772114426
119,19,1,19,7.2,0.42000000000000004,1.229256,15.5,98.39976772114426
99,20,1,20,7.2,0.4,1.229256,16.0,98.3066178104087
102,20,1,20,7.2,0.58,1.229256,15.5,98.3066178104087
110,20,1,20,-7.199999999999977,0.76,-1.8473039999999943,22.0,98.3066178104087
112,20,1,20,-7.2,0.5800000000000005,-1.8473040000000003,21.0,98.3066178104087
113,20,1,20,-7.2,0.4000000000000005,-1.8473040000000003,19.5,98.3066178104087
115,20,1,20,0.7999999999999794,0.22000000000000056,0.13658399999999649,18.0,98.3066178104087
117,20,1,20,7.2,0.24000000000000005,1.229256,16.5,98.3066178104087
118,20,1,20,7.2,0.42000000000000004,1.229256,15.5,98.3066178104087
126,1,1,1,5.600000000000001,0.4,0.9560880000000002,15.5,98.20659616885128
127,1,1,1,7.2,0.54,1.229256,15.5,98.20659616885128
130,1,1,1,7.2,0.72,1.229256,17.0,98.20659616885128
134,1,1,1,-7.2,0.9,-1.8473040000000003,22.0,98.20659616885128
135,1,1,1,-7.2,0.72,-1.8473040000000003,21.0,98.20659616885128
136,1,1,1,-7.2,0.54,-1.8473040000000003,21.0,98.20659616885128
137,1,1,1,-7.2,0.36000000000000004,-1.8473040000000003,19.5,98.20659616885128
139,1,1,1,2.3999999999999995,0.18000000000000005,0.4097519999999999,18.0,98.20659616885128
142,1,1,1,7.2,0.24000000000000005,1.229256,15.5,98.20659616885128
143,1,1,1,7.2,0.42000000000000004,1.229256,15.5,98.20659616885128
123,2,1,2,5.600000000000001,0.4,0.9560880000000002,16.0,98.10601224534474
126,2,1,2,7.2,0.54,1.229256,15.5,98.10601224534474
129,2,1,2,7.2,0.72,1.229256,15.5,98.10601224534474
134,2,1,2,-7.2,0.9,-1.8473040000000003,22.0,98.10601224534474
135,2,1,2,-7.2,0.72,-1.8473040000000003,21.0,98.10601224534474
136,2,1,2,-7.2,0.54,-1.8473040000000003,21.0,98.10601224534474
137,2,1,2,-7.2,0.36000000000000004,-1.8473040000000003,19.5,98.10601224534474
139,2,1,2,2.3999999999999995,0.18000000000000005,0.4097519999999999,18.0,98.10601224534474
141,2,1,2,7.2,0.24000000000000005,1.229256,16.5,98.10601224534474
143,2,1,2,7.2,0.42000000000000004,1.229256,15.5,98.10601224534474
123,3,1,3,7.2,0.4,1.229256,16.0,98.00953203800465
126,3,1,3,7.2,0.58,1.229256,15.5,98.00953203800465
130,3,1,3,2.3999999999999986,0.76,0.4097519999999997,17.0,98.00953203800465
134,3,1,3,-7.2,0.82,-1.8473040000000003,22.0,98.00953203800465
135,3,1,3,-7.2,0.6399999999999999,-1.8473040000000003,21.0,98.00953203800465
136,3,1,3,-7.2,0.45999999999999996,-1.8473040000000003,21.0,98.00953203800465
137,3,1,3,-7.2,0.27999999999999997,-1.8473040000000003,19.5,98.00953203800465
139,3,1,3,7.2,0.1,1.229256,18.0,98.00953203800465
141,3,1,3,5.600000000000001,0.27999999999999997,0.9560880000000002,16.5,98.00953203800465
143,3,1,3,7.2,0.42000000000000004,1.229256,15.5,98.00953203800465
127,4,1,4,7.2,0.4,1.229256,15.5,97.91669082808612
134,4,1,4,-7.2,0.58,-1.8473040000000003,22.0,97.91669082808612
135,4,1,4,-7.2,0.4,-1.8473040000000003,21.0,97.91669082808612
136,4,1,4,-2.4000000000000243,0.22000000000000003,-0.6157680000000063,21.0,97.91669082808612
137,4,1,4,-2.3999999999999764,0.15999999999999942,-0.615767999999994,19.5,97.91669082808612
139,4,1,4,7.2,0.1,1.229256,18.0,97.91669082808612
142,4,1,4,7.2,0.27999999999999997,1.229256,15.5,97.91669082808612
143,4,1,4,5.600000000000001,0.45999999999999996,0.9560880000000002,15.5,97.91669082808612
126,5,1,5,7.2,0.4,1.229256,15.5,97.83009822311301
129,5,1,5,0.7999999999999758,0.58,0.13658399999999588,15.5,97.83009822311301
135,5,1,5,-7.1999999999999735,0.5999999999999994,-1.8473039999999934,21.0,97.83009822311301
137,5,1,5,-7.2,0.42000000000000004,-1.8473040000000003,19.5,97.83009822311301
139,5,1,5,7.2,0.24000000000000005,1.229256,18.0,97.83009822311301
143,5,1,5,7.2,0.42000000000000004,1.229256,15.5,97.83009822311301
126,6,1,6,7.2,0.4,1.229256,15.5,97.74634316624108
128,6,1,6,7.2,0.58,1.229256,15.5,97.74634316624108
129,6,1,6,0.8000000000000007,0.76,0.13658400000000012,15.5,97.74634316624108
134,6,1,6,-7.2,0.78,-1.8473040000000003,22.0,97.74634316624108
123,7,1,7,5.600000000000001,0.4,0.9560880000000002,16.0,97.66923104121312
126,7,1,7,7.2,0.54,1.229256,15.5,97.66923104121312
127,7,1,7,7.2,0.72,1.229256,15.5,97.66923104121312
134,7,1,7,-7.2,0.9,-1.8473040000000003,22.0,97.66923104121312
135,7,1,7,-7.2,0.72,-1.8473040000000003,21.0,97.66923104121312
136,7,1,7,-4.800000000000001,0.54,-1.2315360000000002,21.0,97.66923104121312
137,7,1,7,-7.2,0.42000000000000004,-1.8473040000000003,19.5,97.66923104121312
141,7,1,7,7.2,0.24000000000000005,1.229256,16.5,97.66923104121312
143,7,1,7,7.2,0.42000000000000004,1.229256,15.5,97.66923104121312
123,8,1,8,5.600000000000001,0.4,0.9560880000000002,16.0,97.59435277857574
126,8,1,8,7.2,0.54,1.229256,15.5,97.59435277857574
129,8,1,8,7.2,0.72,1.229256,15.5,97.59435277857574
134,8,1,8,-7.2,0.9,-1.8473040000000003,22.0,97.59435277857574
137,8,1,8,-7.2,0.72,-1.8473040000000003,19.5,97.59435277857574
143,8,1,8,2.3999999999999986,0.54,0.4097519999999997,15.5,97.59435277857574
127,9,1,9,7.2,0.4,1.229256,15.5,97.52521032327509
128,9,1,9,0.8000000000000256,0.58,0.13658400000000437,15.5,97.52521032327509
135,9,1,9,-7.2,0.6000000000000006,-1.8473040000000003,21.0,97.52521032327509
136,9,1,9,-7.2,0.42000000000000065,-1.8473040000000003,21.0,97.52521032327509
141,9,1,9,7.2,0.24000000000000066,1.229256,16.5,97.52521032327509
143,9,1,9,7.199999999999974,0.42000000000000065,1.2292559999999957,15.5,97.52521032327509
127,10,1,10,7.2,0.4,1.229256,15.5,97.46130533136964
129,10,1,10,7.2,0.58,1.229256,15.5,97.46130533136964
135,10,1,10,-6.399999999999999,0.76,-1.6420479999999997,21.0,97.46130533136964
136,10,1,10,-7.2,0.6,-1.8473040000000003,21.0,97.46130533136964
137,10,1,10,-7.2,0.42000000000000004,-1.8473040000000003,19.5,97.46130533136964
139,10,1,10,7.2,0.24000000000000005,1.229256,18.0,97.46130533136964
141,10,1,10,7.2,0.42000000000000004,1.229256,16.5,97.46130533136964
126,11,1,11,7.2,0.4,1.229256,15.5,97.39897734704725
127,11,1,11,7.2,0.58,1.229256,15.5,97.39897734704725
134,11,1,11,-7.2,0.76,-1.8473040000000003,22.0,97.39897734704725
135,11,1,11,-4.800000000000001,0.58,-1.2315360000000002,21.0,97.39897734704725
136,11,1,11,-7.2,0.45999999999999996,-1.8473040000000003,21.0,97.39897734704725
137,11,1,11,-7.2,0.27999999999999997,-1.8473040000000003,19.5,97.39897734704725
139,11,1,11,7.2,0.1,1.229256,18.0,97.39897734704725
141,11,1,11,7.2,0.27999999999999997,1.229256,16.5,97.39897734704725
143,11,1,11,5.600000000000001,0.45999999999999996,0.9560880000000002,15.5,97.39897734704725
126,12,1,12,7.2,0.4,1.229256,15.5,97.34022502473874
127,12,1,12,7.2,0.58,1.229256,15.5,97.34022502473874
129,12,1,12,5.600000000000001,0.76,0.9560880000000002,15.5,97.34022502473874
135,12,1,12,-4.800000000000001,0.9,-1.2315360000000002,21.0,97.34022502473874
136,12,1,12,-7.2,0.78,-1.8473040000000003,21.0,97.34022502473874
137,12,1,12,-7.2,0.6,-1.8473040000000003,19.5,97.34022502473874
141,12,1,12,7.2,0.42000000000000004,1.229256,16.5,97.34022502473874
127,13,1,13,7.2,0.4,1.229256,15.5,97.28279224846894
128,13,1,13,7.2,0.58,1.229256,15.5,97.28279224846894
130,13,1,13,5.600000000000001,0.76,0.9560880000000002,17.0,97.28279224846894
134,13,1,13,-7.2,0.9,-1.8473040000000003,22.0,97.28279224846894
135,13,1,13,-4.800000000000001,0.72,-1.2315360000000002,21.0,97.28279224846894
136,13,1,13,-7.2,0.6,-1.8473040000000003,21.0,97.28279224846894
143,13,1,13,7.2,0.42000000000000004,1.229256,15.5,97.28279224846894
126,14,1,14,7.2,0.4,1.229256,15.5,97.22659391169995
127,14,1,14,7.2,0.58,1.229256,15.5,97.22659391169995
134,14,1,14,-6.399999999999999,0.76,-1.6420479999999997,22.0,97.22659391169995
136,14,1,14,-7.2,0.6,-1.8473040000000003,21.0,97.22659391169995
137,14,1,14,-7.2,0.42000000000000004,-1.8473040000000003,19.5,97.22659391169995
141,14,1,14,7.2,0.24000000000000005,1.229256,16.5,97.22659391169995
143,14,1,14,7.2,0.42000000000000004,1.229256,15.5,97.22659391169995
126,15,1,15,7.2,0.4,1.229256,15.5,97.16957704835089
127,15,1,15,7.2,0.58,1.229256,15.5,97.16957704835089
134,15,1,15,-7.2,0.76,-1.8473040000000003,22.0,97.16957704835089
135,15,1,15,-7.2,0.58,-1.8473040000000003,21.0,97.16957704835089
136,15,1,15,-6.399999999999999,0.4,-1.6420479999999997,21.0,97.16957704835089
141,15,1,15,7.2,0.24000000000000005,1.229256,16.5,97.16957704835089
143,15,1,15,7.2,0.42000000000000004,1.229256,15.5,97.16957704835089
129,16,1,16,7.2,0.4,1.229256,15.5,97.11368863539725
130,16,1,16,0.7999999999999581,0.58,0.13658399999999285,17.0,97.11368863539725
136,16,1,16,-7.199999999999956,0.599999999999999,-1.8473039999999887,21.0,97.11368863539725
137,16,1,16,-7.2,0.42000000000000004,-1.8473040000000003,19.5,97.11368863539725
142,16,1,16,7.2,0.24000000000000005,1.229256,15.5,97.11368863539725
143,16,1,16,7.2,0.42000000000000004,1.229256,15.5,97.11368863539725
126,17,1,17,7.2,0.4,1.229256,15.5,97.05982126233646
128,17,1,17,0.8000000000000007,0.58,0.13658400000000012,15.5,97.05982126233646
135,17,1,17,-7.2,0.6,-1.8473040000000003,21.0,97.05982126233646
136,17,1,17,-7.2,0.42000000000000004,-1.8473040000000003,21.0,97.05982126233646
141,17,1,17,7.2,0.24000000000000005,1.229256,16.5,97.05982126233646
143,17,1,17,7.2,0.42000000000000004,1.229256,15.5,97.05982126233646
123,18,1,18,5.600000000000001,0.4,0.9560880000000002,16.0,97.00786804813463
126,18,1,18,7.2,0.54,1.229256,15.5,97.00786804813463
127,18,1,18,7.2,0.72,1.229256,15.5,97.00786804813463
134,18,1,18,-7.2,0.9,-1.8473040000000003,22.0,97.00786804813463
135,18,1,18,-7.2,0.72,-1.8473040000000003,21.0,97.00786804813463
137,18,1,18,-4.800000000000001,0.54,-1.2315360000000002,19.5,97.00786804813463
139,18,1,18,7.2,0.42000000000000004,1.229256,18.0,97.00786804813463
128,19,1,19,7.2,0.4,1.229256,15.5,96.95683389958872
129,19,1,19,7.2,0.58,1.229256,15.5,96.95683389958872
134,19,1,19,-7.2,0.76,-1.8473040000000003,22.0,96.95683389958872
135,19,1,19,-7.2,0.58,-1.8473040000000003,21.0,96.95683389958872
137,19,1,19,-6.399999999999999,0.4,-1.6420479999999997,19.5,96.95683389958872
141,19,1,19,7.2,0.24000000000000005,1.229256,16.5,96.95683389958872
143,19,1,19,7.2,0.42000000000000004,1.229256,15.5,96.95683389958872
123,20,1,20,7.2,0.4,1.229256,16.0,96.90667170104265
126,20,1,20,7.2,0.58,1.229256,15.5,96.90667170104265
134,20,1,20,-7.199999999999977,0.76,-1.8473039999999943,22.0,96.90667170104265
136,20,1,20,-7.2,0.5800000000000005,-1.8473040000000003,21.0,96.90667170104265
137,20,1,20,-7.2,0.4000000000000005,-1.8473040000000003,19.5,96.90667170104265
139,20,1,20,0.7999999999999794,0.22000000000000056,0.13658399999999649,18.0,96.90667170104265
141,20,1,20,7.2,0.24000000000000005,1.229256,16.5,96.90667170104265
142,20,1,20,7.2,0.42000000000000004,1.229256,15.5,96.90667170104265
150,1,1,1,5.600000000000001,0.4,0.9560880000000002,15.5,99.50073577789549
151,1,1,1,7.2,0.54,1.229256,15.5,99.50073577789549
154,1,1,1,7.2,0.72,1.229256,17.0,99.50073577789549
158,1,1,1,-7.2,0.9,-1.8473040000000003,22.0,99.50073577789549
159,1,1,1,-7.2,0.72,-1.8473040000000003,21.0,99.50073577789549
160,1,1,1,-7.2,0.54,-1.8473040000000003,21.0,99.50073577789549
161,1,1,1,-7.2,0.36000000000000004,-1.8473040000000003,19.5,99.50073577789549
163,1,1,1,2.3999999999999995,0.18000000000000005,0.4097519999999999,18.0,99.50073577789549
166,1,1,1,7.2,0.24000000000000005,1.229256,15.5,99.50073577789549
167,1,1,1,7.2,0.42000000000000004,1.229256,15.5,99.50073577789549
147,2,1,2,5.600000000000001,0.4,0.9560880000000002,16.0,99.26856012198978
150,2,1,2,7.2,0.54,1.229256,15.5,99.26856012198978
153,2,1,2,7.2,0.72,1.229256,15.5,99.26856012198978
158,2,1,2,-7.2,0.9,-1.8473040000000003,22.0,99.26856012198978
159,2,1,2,-7.2,0.72,-1.8473040000000003,21.0,99.26856012198978
160,2,1,2,-7.2,0.54,-1.8473040000000003,21.0,99.26856012198978
161,2,1,2,-7.2,0.36000000000000004,-1.8473040000000003,19.5,99.26856012198978
163,2,1,2,2.3999999999999995,0.18000000000000005,0.4097519999999999,18.0,99.26856012198978
165,2,1,2,7.2,0.24000000000000005,1.229256,16.5,99.26856012198978
167,2,1,2,7.2,0.42000000000000004,1.229256,15.5,99.26856012198978
147,3,1,3,7.2,0.4,1.229256,16.0,99.09297323410075
150,3,1,3,7.2,0.58,1.229256,15.5,99.09297323410075
154,3,1,3,2.3999999999999986,0.76,0.4097519999999997,17.0,99.09297323410075
158,3,1,3,-7.2,0.82,-1.8473040000000003,22.0,99.09297323410075
159,3,1,3,-7.2,0.6399999999999999,-1.8473040000000003,21.0,99.09297323410075
160,3,1,3,-7.2,0.45999999999999996,-1.8473040000000003,21.0,99.09297323410075
161,3,1,3,-7.2,0.27999999999999997,-1.8473040000000003,19.5,99.09297323410075
163,3,1,3,7.2,0.1,1.229256,18.0,99.09297323410075
165,3,1,3,5.600000000000001,0.27999999999999997,0.9560880000000002,16.5,99.09297323410075
167,3,1,3,7.2,0.42000000000000004,1.229256,15.5,99.09297323410075
151,4,1,4,7.2,0.4,1.229256,15.5,98.9473589999521
158,4,1,4,-7.2,0.58,-1.8473040000000003,22.0,98.9473589999521
159,4,1,4,-7.2,0.4,-1.8473040000000003,21.0,98.9473589999521
160,4,1,4,-2.4000000000000243,0.22000000000000003,-0.6157680000000063,21.0,98.9473589999521
161,4,1,4,-2.3999999999999764,0.15999999999999942,-0.615767999999994,19.5,98.9473589999521
163,4,1,4,7.2,0.1,1.229256,18.0,98.9473589999521
166,4,1,4,7.2,0.27999999999999997,1.229256,15.5,98.9473589999521
167,4,1,4,5.600000000000001,0.45999999999999996,0.9560880000000002,15.5,98.9473589999521
150,5,1,5,7.2,0.4,1.229256,15.5,98.81898353991154
153,5,1,5,0.7999999999999758,0.58,0.13658399999999588,15.5,98.81898353991154
159,5,1,5,-7.1999999999999735,0.5999999999999994,-1.8473039999999934,21.0,98.81898353991154
161,5,1,5,-7.2,0.42000000000000004,-1.8473040000000003,19.5,98.81898353991154
163,5,1,5,7.2,0.24000000000000005,1.229256,18.0,98.81898353991154
167,5,1,5,7.2,0.42000000000000004,1.229256,15.5,98.81898353991154
150,6,1,6,7.2,0.4,1.229256,15.5,98.70287374201266
152,6,1,6,7.2,0.58,1.229256,15.5,98.70287374201266
153,6,1,6,0.8000000000000007,0.76,0.13658400000000012,15.5,98.70287374201266
158,6,1,6,-7.2,0.78,-1.8473040000000003,22.0,98.70287374201266
147,7,1,7,5.600000000000001,0.4,0.9560880000000002,16.0,98.59606837090722
150,7,1,7,7.2,0.54,1.229256,15.5,98.59606837090722
151,7,1,7,7.2,0.72,1.229256,15.5,98.59606837090722
158,7,1,7,-7.2,0.9,-1.8473040000000003,22.0,98.59606837090722
159,7,1,7,-7.2,0.72,-1.8473040000000003,21.0,98.59606837090722
160,7,1,7,-4.800000000000001,0.54,-1.2315360000000002,21.0,98.59606837090722
161,7,1,7,-7.2,0.42000000000000004,-1.8473040000000003,19.5,98.59606837090722
165,7,1,7,7.2,0.24000000000000005,1.229256,16.5,98.59606837090722
167,7,1,7,7.2,0.42000000000000004,1.229256,15.5,98.59606837090722
147,8,1,8,5.600000000000001,0.4,0.9560880000000002,16.0,98.49663497803468
150,8,1,8,7.2,0.54,1.229256,15.5,98.49663497803468
153,8,1,8,7.2,0.72,1.229256,15.5,98.49663497803468
158,8,1,8,-7.2,0.9,-1.8473040000000003,22.0,98.49663497803468
161,8,1,8,-7.2,0.72,-1.8473040000000003,19.5,98.49663497803468
167,8,1,8,2.3999999999999986,0.54,0.4097519999999997,15.5,98.49663497803468
151,9,1,9,7.2,0.4,1.229256,15.5,98.40322976223473
152,9,1,9,0.8000000000000256,0.58,0.13658400000000437,15.5,98.40322976223473
159,9,1,9,-7.2,0.6000000000000006,-1.8473040000000003,21.0,98.40322976223473
160,9,1,9,-7.2,0.42000000000000065,-1.8473040000000003,21.0,98.40322976223473
165,9,1,9,7.2,0.24000000000000066,1.229256,16.5,98.40322976223473
167,9,1,9,7.199999999999974,0.42000000000000065,1.2292559999999957,15.5,98.40322976223473
151,10,1,10,7.2,0.4,1.229256,15.5,98.31007985149917
153,10,1,10,7.2,0.58,1.229256,15.5,98.31007985149917
159,10,1,10,-6.399999999999999,0.76,-1.6420479999999997,21.0,98.31007985149917
160,10,1,10,-7.2,0.6,-1.8473040000000003,21.0,98.31007985149917
161,10,1,10,-7.2,0.42000000000000004,-1.8473040000000003,19.5,98.31007985149917
163,10,1,10,7.2,0.24000000000000005,1.229256,18.0,98.31007985149917
165,10,1,10,7.2,0.42000000000000004,1.229256,16.5,98.31007985149917
150,11,1,11,7.2,0.4,1.229256,15.5,98.21005820994175
151,11,1,11,7.2,0.58,1.229256,15.5,98.21005820994175
158,11,1,11,-7.2,0.76,-1.8473040000000003,22.0,98.21005820994175
159,11,1,11,-4.800000000000001,0.58,-1.2315360000000002,21.0,98.21005820994175
160,11,1,11,-7.2,0.45999999999999996,-1.8473040000000003,21.0,98.21005820994175
161,11,1,11,-7.2,0.27999999999999997,-1.8473040000000003,19.5,98.21005820994175
163,11,1,11,7.2,0.1,1.229256,18.0,98.21005820994175
165,11,1,11,7.2,0.27999999999999997,1.229256,16.5,98.21005820994175
167,11,1,11,5.600000000000001,0.45999999999999996,0.9560880000000002,15.5,98.21005820994175
150,12,1,12,7.2,0.4,1.229256,15.5,98.10947428643522
151,12,1,12,7.2,0.58,1.229256,15.5,98.10947428643522
153,12,1,12,5.600000000000001,0.76,0.9560880000000002,15.5,98.10947428643522
159,12,1,12,-4.800000000000001,0.9,-1.2315360000000002,21.0,98.10947428643522
160,12,1,12,-7.2,0.78,-1.8473040000000003,21.0,98.10947428643522
161,12,1,12,-7.2,0.6,-1.8473040000000003,19.5,98.10947428643522
165,12,1,12,7.2,0.42000000000000004,1.229256,16.5,98.10947428643522
151,13,1,13,7.2,0.4,1.229256,15.5,98.01299407909512
152,13,1,13,7.2,0.58,1.229256,15.5,98.01299407909512
154,13,1,13,5.600000000000001,0.76,0.9560880000000002,17.0,98.01299407909512
158,13,1,13,-7.2,0.9,-1.8473040000000003,22.0,98.01299407909512
159,13,1,13,-4.800000000000001,0.72,-1.2315360000000002,21.0,98.01299407909512
160,13,1,13,-7.2,0.6,-1.8473040000000003,21.0,98.01299407909512
167,13,1,13,7.2,0.42000000000000004,1.229256,15.5,98.01299407909512
150,14,1,14,7.2,0.4,1.229256,15.5,97.92015286917659
151,14,1,14,7.2,0.58,1.229256,15.5,97.92015286917659
158,14,1,14,-6.399999999999999,0.76,-1.6420479999999997,22.0,97.92015286917659
160,14,1,14,-7.2,0.6,-1.8473040000000003,21.0,97.92015286917659
161,14,1,14,-7.2,0.42000000000000004,-1.8473040000000003,19.5,97.92015286917659
165,14,1,14,7.2,0.24000000000000005,1.229256,16.5,97.92015286917659
167,14,1,14,7.2,0.42000000000000004,1.229256,15.5,97.92015286917659
150,15,1,15,7.2,0.4,1.229256,15.5,97.83356026420348
151,15,1,15,7.2,0.58,1.229256,15.5,97.83356026420348
158,15,1,15,-7.2,0.76,-1.8473040000000003,22.0,97.83356026420348
159,15,1,15,-7.2,0.58,-1.8473040000000003,21.0,97.83356026420348
160,15,1,15,-6.399999999999999,0.4,-1.6420479999999997,21.0,97.83356026420348
165,15,1,15,7.2,0.24000000000000005,1.229256,16.5,97.83356026420348
167,15,1,15,7.2,0.42000000000000004,1.229256,15.5,97.83356026420348
153,16,1,16,7.2,0.4,1.229256,15.5,97.74980520733155
154,16,1,16,0.7999999999999581,0.58,0.13658399999999285,17.0,97.74980520733155
160,16,1,16,-7.199999999999956,0.599999999999999,-1.8473039999999887,21.0,97.74980520733155
161,16,1,16,-7.2,0.42000000000000004,-1.8473040000000003,19.5,97.74980520733155
166,16,1,16,7.2,0.24000000000000005,1.229256,15.5,97.74980520733155
167,16,1,16,7.2,0.42000000000000004,1.229256,15.5,97.74980520733155
150,17,1,17,7.2,0.4,1.229256,15.5,97.6726930823036
152,17,1,17,0.8000000000000007,0.58,0.13658400000000012,15.5,97.6726930823036
159,17,1,17,-7.2,0.6,-1.8473040000000003,21.0,97.6726930823036
160,17,1,17,-7.2,0.42000000000000004,-1.8473040000000003,21.0,97.6726930823036
165,17,1,17,7.2,0.24000000000000005,1.229256,16.5,97.6726930823036
167,17,1,17,7.2,0.42000000000000004,1.229256,15.5,97.6726930823036
147,18,1,18,5.600000000000001,0.4,0.9560880000000002,16.0,97.59781481966621
150,18,1,18,7.2,0.54,1.229256,15.5,97.59781481966621
151,18,1,18,7.2,0.72,1.229256,15.5,97.59781481966621
158,18,1,18,-7.2,0.9,-1.8473040000000003,22.0,97.59781481966621
159,18,1,18,-7.2,0.72,-1.8473040000000003,21.0,97.59781481966621
161,18,1,18,-4.800000000000001,0.54,-1.2315360000000002,19.5,97.59781481966621
163,18,1,18,7.2,0.42000000000000004,1.229256,18.0,97.59781481966621
152,19,1,19,7.2,0.4,1.229256,15.5,97.52867236436556
153,19,1,19,7.2,0.58,1.229256,15.5,97.52867236436556
158,19,1,19,-7.2,0.76,-1.8473040000000003,22.0,97.52867236436556
159,19,1,19,-7.2,0.58,-1.8473040000000003,21.0,97.52867236436556
161,19,1,19,-6.399999999999999,0.4,-1.6420479999999997,19.5,97.52867236436556
165,19,1,19,7.2,0.24000000000000005,1.229256,16.5,97.52867236436556
167,19,1,19,7.2,0.42000000000000004,1.229256,15.5,97.52867236436556
147,20,1,20,7.2,0.4,1.229256,16.0,97.46476737246012
150,20,1,20,7.2,0.58,1.229256,15.5,97.46476737246012
158,20,1,20,-7.199999999999977,0.76,-1.8473039999999943,22.0,97.46476737246012
160,20,1,20,-7.2,0.5800000000000005,-1.8473040000000003,21.0,97.46476737246012
161,20,1,20,-7.2,0.4000000000000005,-1.8473040000000003,19.5,97.46476737246012
163,20,1,20,0.7999999999999794,0.22000000000000056,0.13658399999999649,18.0,97.46476737246012
165,20,1,20,7.2,0.24000000000000005,1.229256,16.5,97.46476737246012
166,20,1,20,7.2,0.42000000000000004,1.229256,15.5,97.46476737246012
